,Survived,Pclass,Sex,SibSp,Fare,Embarked,Deck,Title,port_sex,Age_bin,FamilySize,Ticket_freq
0,0,3,0,1,7,0,8,1,623,2,437,1
1,1,1,1,1,71,1,3,3,113,7,437,2
2,1,3,1,0,7,0,8,2,293,4,790,1
3,1,1,1,1,53,0,3,3,293,6,437,2
4,0,3,0,0,8,0,8,1,623,6,790,1
5,0,3,0,0,8,2,8,1,63,3,790,1
6,0,1,0,0,51,0,5,1,623,9,790,2
7,0,3,0,3,21,0,8,4,623,0,47,5
8,1,3,1,0,11,0,8,3,293,4,437,3
9,1,2,1,1,30,1,8,3,113,0,437,2
10,1,3,1,1,16,0,7,2,293,0,437,3
11,1,1,1,0,26,0,3,2,293,9,790,1
12,0,3,0,0,8,0,8,1,623,2,790,1
13,0,3,0,1,31,0,8,1,623,7,35,7
14,0,3,1,0,7,0,8,2,293,0,790,1
15,1,2,1,0,16,0,8,3,293,9,790,1
16,0,3,0,4,29,2,8,4,63,0,47,6
17,1,2,0,0,13,0,8,1,623,3,790,1
18,0,3,1,1,18,0,8,3,293,5,437,2
19,1,3,1,0,7,1,8,3,113,8,790,1
20,0,2,0,0,26,0,8,1,623,6,790,2
21,1,2,0,0,13,0,4,1,623,6,790,1
22,1,3,1,0,8,2,8,2,60,0,790,1
23,1,1,0,0,35,0,1,1,623,4,790,1
24,0,3,1,3,21,0,8,2,293,0,47,5
25,1,3,1,1,31,0,8,3,293,7,35,7
26,0,3,0,0,7,1,8,1,157,7,790,1
27,0,1,0,3,263,0,3,1,623,1,47,6
28,1,3,1,0,7,2,8,2,60,3,790,1
29,0,3,0,0,7,0,8,1,623,6,790,1
30,0,1,0,0,27,1,8,5,157,7,790,1
31,1,1,1,1,146,1,2,3,113,7,437,3
32,1,3,1,0,7,2,8,2,60,2,790,1
33,0,2,0,0,10,0,8,1,623,9,790,1
34,0,1,0,1,82,1,8,1,157,4,437,2
35,0,1,0,1,52,0,8,1,623,8,437,2
36,1,3,0,0,7,1,8,1,157,8,790,1
37,0,3,0,0,8,0,8,1,623,2,790,1
38,0,3,1,2,18,0,8,2,293,1,437,2
39,1,3,1,1,11,1,8,2,113,0,437,2
40,0,3,1,1,9,0,8,3,293,7,437,1
41,0,2,1,1,21,0,8,3,293,4,437,2
42,0,3,0,0,7,1,8,1,157,8,790,1
43,1,2,1,1,41,1,8,2,113,0,437,4
44,1,3,1,0,7,2,8,2,60,1,790,1
45,0,3,0,0,8,0,8,1,623,6,790,1
46,0,3,0,1,15,2,8,1,63,8,437,2
47,1,3,1,0,7,2,8,2,60,7,790,1
48,0,3,0,2,21,1,8,1,157,7,437,3
49,0,3,1,1,17,0,8,3,293,1,437,2
50,0,3,0,4,39,0,8,4,623,0,47,7
51,0,3,0,0,7,0,8,1,623,2,790,1
52,1,1,1,1,76,1,4,3,113,9,437,3
53,1,2,1,1,26,0,8,3,293,5,437,2
54,0,1,0,0,61,1,2,1,157,9,437,2
55,1,1,0,0,35,0,3,1,623,5,790,1
56,1,2,1,0,10,0,8,2,293,2,790,1
57,0,3,0,0,7,1,8,1,157,4,790,1
58,1,2,1,1,27,0,8,2,293,0,437,4
59,0,3,0,5,46,0,8,4,623,0,35,8
60,0,3,0,0,7,1,8,1,157,2,790,1
61,1,1,1,0,80,0,2,2,293,7,790,2
62,0,1,0,1,83,0,3,1,623,8,437,2
63,0,3,0,3,27,0,8,4,623,0,47,6
64,0,1,0,0,27,1,8,1,157,6,790,1
65,1,3,0,1,15,1,8,4,157,4,437,3
66,1,2,1,0,10,0,6,3,293,5,790,1
67,0,3,0,0,8,0,8,1,623,1,790,1
68,1,3,1,4,7,0,8,2,293,1,35,1
69,0,3,0,2,8,0,8,1,623,4,437,1
70,0,2,0,0,10,0,8,1,623,6,790,1
71,0,3,1,5,46,0,8,2,293,0,35,8
72,0,2,0,0,73,0,8,1,623,2,790,7
73,0,3,0,1,14,1,8,1,157,4,437,2
74,1,3,0,0,56,0,8,1,623,6,790,8
75,0,3,0,0,7,0,6,1,623,3,790,1
76,0,3,0,0,7,0,8,1,623,5,790,1
77,0,3,0,0,8,0,8,1,623,6,790,1
78,1,2,0,0,29,0,8,4,623,0,437,3
79,1,3,1,0,12,0,8,2,293,5,790,2
80,0,3,0,0,9,0,8,1,623,2,790,1
81,1,3,0,0,9,0,8,1,623,5,790,1
82,1,3,1,0,7,2,8,2,60,7,790,1
83,0,1,0,0,47,0,8,1,623,4,790,2
84,1,2,1,0,10,0,8,2,293,1,790,1
85,1,3,1,3,15,0,8,3,293,6,437,2
86,0,3,0,1,34,0,8,1,623,0,47,5
87,0,3,0,0,8,0,8,1,623,4,790,1
88,1,1,1,3,263,0,3,2,293,3,47,6
89,0,3,0,0,8,0,8,1,623,3,790,1
90,0,3,0,0,8,0,8,1,623,5,790,1
91,0,3,0,0,7,0,8,1,623,2,790,1
92,0,1,0,1,61,0,5,1,623,8,437,2
93,0,3,0,1,20,0,8,1,623,4,437,4
94,0,3,0,0,7,0,8,1,623,9,790,1
95,0,3,0,0,8,0,8,1,623,8,790,1
96,0,1,0,0,34,1,1,1,157,9,790,1
97,1,1,0,0,63,1,4,1,157,3,437,2
98,1,2,1,0,23,0,8,3,293,6,437,2
99,0,2,0,1,26,0,8,1,623,6,437,2
100,0,3,1,0,7,0,8,2,293,4,790,1
101,0,3,0,0,7,0,8,1,623,2,790,1
102,0,1,0,0,77,0,4,1,623,2,437,2
103,0,3,0,0,8,0,8,1,623,6,790,1
104,0,3,0,2,7,0,8,1,623,7,437,1
105,0,3,0,0,7,0,8,1,623,4,790,1
106,1,3,1,0,7,0,8,2,293,2,790,1
107,1,3,0,0,7,0,8,1,623,8,790,1
108,0,3,0,0,7,0,8,1,623,7,790,1
109,1,3,1,1,24,2,8,2,60,0,437,3
110,0,1,0,0,52,0,3,1,623,8,790,2
111,0,3,1,1,14,1,8,2,113,0,437,2
112,0,3,0,0,8,0,8,1,623,2,790,1
113,0,3,1,1,9,0,8,2,293,2,437,1
114,0,3,1,0,14,1,8,2,113,1,790,2
115,0,3,0,0,7,0,8,1,623,2,790,1
116,0,3,0,0,7,2,8,1,63,9,790,1
117,0,2,0,1,21,0,8,1,623,5,437,2
118,0,1,0,0,247,1,2,1,157,3,437,3
119,0,3,1,4,31,0,8,2,293,0,35,7
120,0,2,0,2,73,0,8,1,623,2,437,7
121,0,3,0,0,8,0,8,1,623,4,790,1
122,0,2,0,1,30,1,8,1,157,6,437,2
123,1,2,1,0,13,0,5,2,293,6,790,1
124,0,1,0,0,77,0,4,1,623,9,437,2
125,1,3,0,1,11,1,8,4,157,0,437,2
126,0,3,0,0,7,2,8,1,63,3,790,1
127,1,3,0,0,7,0,8,1,623,3,790,1
128,1,3,1,1,22,1,6,2,113,0,437,3
129,0,3,0,0,6,0,8,1,623,8,790,1
130,0,3,0,0,7,1,8,1,157,6,790,1
131,0,3,0,0,7,0,8,1,623,2,790,1
132,0,3,1,1,14,0,8,3,293,8,437,2
133,1,2,1,1,26,0,8,3,293,5,437,2
134,0,2,0,0,13,0,8,1,623,3,790,1
135,0,2,0,0,15,1,8,1,157,3,790,1
136,1,1,1,0,26,0,4,2,293,1,437,1
137,0,1,0,1,53,0,3,1,623,7,437,2
138,0,3,0,0,9,0,8,1,623,0,790,2
139,0,1,0,0,79,1,2,1,157,3,790,2
140,0,3,1,0,15,1,8,3,113,3,437,3
141,1,3,1,0,7,0,8,2,293,2,790,1
142,1,3,1,1,15,0,8,3,293,3,437,2
143,0,3,0,0,6,2,8,1,63,1,790,1
144,0,2,0,0,11,0,8,1,623,1,790,1
145,0,2,0,1,36,0,8,1,623,1,437,4
146,1,3,0,0,7,0,8,1,623,4,790,1
147,0,3,1,2,34,0,8,2,293,0,47,5
148,0,2,0,0,26,0,6,1,623,7,437,3
149,0,2,0,0,13,0,8,5,623,8,790,1
150,0,2,0,0,12,0,8,5,623,9,790,1
151,1,1,1,1,66,0,3,3,293,2,437,2
152,0,3,0,0,8,0,8,1,623,9,790,1
153,0,3,0,0,14,0,8,1,623,7,437,3
154,0,3,0,0,7,0,8,1,623,8,790,1
155,0,1,0,0,61,1,8,1,157,9,437,2
156,1,3,1,0,7,2,8,2,60,0,790,1
157,0,3,0,0,8,0,8,1,623,5,790,1
158,0,3,0,0,8,0,8,1,623,4,790,1
159,0,3,0,8,69,0,8,4,623,6,35,11
160,0,3,0,0,16,0,8,1,623,8,437,2
161,1,2,1,0,15,0,8,3,293,7,790,2
162,0,3,0,0,7,0,8,1,623,4,790,1
163,0,3,0,0,8,0,8,1,623,1,790,1
164,0,3,0,4,39,0,8,4,623,0,47,7
165,1,3,0,0,20,0,8,4,623,0,437,3
166,1,1,1,0,55,0,5,3,293,6,437,2
167,0,3,1,1,27,0,8,3,293,8,47,6
168,0,1,0,0,25,0,8,1,623,1,790,1
169,0,3,0,0,56,0,8,1,623,4,790,8
170,0,1,0,0,33,0,2,1,623,9,790,1
171,0,3,0,4,29,2,8,4,63,0,47,6
172,1,3,1,1,11,0,8,2,293,0,437,3
173,0,3,0,0,7,0,8,1,623,2,790,1
174,0,1,0,0,30,1,1,1,157,9,790,1
175,0,3,0,1,7,0,8,1,623,1,437,1
176,0,3,0,3,25,0,8,4,623,3,47,5
177,0,1,1,0,28,1,3,2,113,9,790,1
178,0,2,0,0,13,0,8,1,623,5,790,1
179,0,3,0,0,0,0,8,1,623,7,790,4
180,0,3,1,8,69,0,8,2,293,5,35,11
181,0,2,0,0,15,1,8,1,157,4,790,1
182,0,3,0,4,31,0,8,4,623,0,35,7
183,1,2,0,2,39,0,6,4,623,0,437,4
184,1,3,1,0,22,0,8,2,293,0,437,3
185,0,1,0,0,50,0,1,1,623,4,790,1
186,1,3,1,1,15,2,8,3,60,0,437,2
187,1,1,0,0,26,0,8,1,623,8,790,1
188,0,3,0,1,15,2,8,1,63,7,437,2
189,0,3,0,0,7,0,8,1,623,7,790,1
190,1,2,1,0,13,0,8,3,293,6,790,1
191,0,2,0,0,13,0,8,1,623,1,790,1
192,1,3,1,1,7,0,8,2,293,1,437,1
193,1,2,0,1,26,0,6,4,623,0,437,3
194,1,1,1,0,27,1,2,3,113,8,790,1
195,1,1,1,0,146,1,2,2,113,9,790,3
196,0,3,0,0,7,2,8,1,63,6,790,1
197,0,3,0,0,8,0,8,1,623,8,437,1
198,1,3,1,0,7,2,8,2,60,4,790,1
199,0,2,1,0,13,0,8,2,293,3,790,1
200,0,3,0,0,9,0,8,1,623,4,790,1
201,0,3,0,8,69,0,8,1,623,1,35,11
202,0,3,0,0,6,0,8,1,623,6,790,1
203,0,3,0,0,7,1,8,1,157,8,790,1
204,1,3,0,0,8,0,8,1,623,1,790,1
205,0,3,1,0,10,0,7,2,293,0,437,2
206,0,3,0,1,15,0,8,1,623,6,437,2
207,1,3,0,0,18,1,8,1,157,4,790,2
208,1,3,1,0,7,2,8,2,60,1,790,1
209,1,1,0,0,31,1,1,1,157,7,790,1
210,0,3,0,0,7,0,8,1,623,3,790,1
211,1,2,1,0,21,0,8,2,293,6,790,2
212,0,3,0,0,7,0,8,1,623,2,790,1
213,0,2,0,0,13,0,8,1,623,5,790,1
214,0,3,0,1,7,2,8,1,63,1,437,1
215,1,1,1,1,113,1,4,2,113,5,437,3
216,1,3,1,0,7,0,8,2,293,4,790,1
217,0,2,0,1,27,0,8,1,623,8,437,2
218,1,1,1,0,76,1,4,2,113,6,790,2
219,0,2,0,0,10,0,8,1,623,5,790,1
220,1,3,0,0,8,0,8,1,623,1,790,1
221,0,2,0,0,13,0,8,1,623,4,790,1
222,0,3,0,0,8,0,8,1,623,9,790,1
223,0,3,0,0,7,0,8,1,623,2,790,1
224,1,1,0,1,90,0,3,1,623,7,437,2
225,0,3,0,0,9,0,8,1,623,2,790,1
226,1,2,0,0,10,0,8,1,623,1,790,1
227,0,3,0,0,7,0,8,1,623,2,790,1
228,0,2,0,0,13,0,8,1,623,1,790,1
229,0,3,1,3,25,0,8,2,293,6,47,5
230,1,1,1,1,83,0,3,3,293,6,437,2
231,0,3,0,0,7,0,8,1,623,5,790,1
232,0,2,0,0,13,0,8,1,623,9,790,1
233,1,3,1,4,31,0,8,2,293,0,35,7
234,0,2,0,0,10,0,8,1,623,3,790,1
235,0,3,1,0,7,0,8,2,293,8,790,1
236,0,2,0,1,26,0,8,1,623,8,437,2
237,1,2,1,0,26,0,8,2,293,0,437,3
238,0,2,0,0,10,0,8,1,623,1,790,1
239,0,2,0,0,12,0,8,1,623,6,790,1
240,0,3,1,1,14,1,8,2,113,2,437,2
241,1,3,1,1,15,2,8,2,60,0,437,2
242,0,2,0,0,10,0,8,1,623,5,790,1
243,0,3,0,0,7,0,8,1,623,2,790,1
244,0,3,0,0,7,1,8,1,157,5,790,1
245,0,1,0,2,90,2,3,5,63,8,437,3
246,0,3,1,0,7,0,8,2,293,3,790,1
247,1,2,1,0,14,0,8,3,293,3,437,2
248,1,1,0,1,52,0,4,1,623,7,437,2
249,0,2,0,1,26,0,8,5,623,9,437,2
250,0,3,0,0,7,0,8,1,623,4,790,1
251,0,3,1,1,10,0,7,3,293,5,437,2
252,0,1,0,0,26,0,3,1,623,9,790,1
253,0,3,0,1,16,0,8,1,623,5,437,2
254,0,3,1,0,20,0,8,3,293,8,437,3
255,1,3,1,0,15,1,8,3,113,5,437,3
256,1,1,1,0,79,1,8,3,113,0,790,2
257,1,1,1,0,86,0,2,2,293,5,790,3
258,1,1,1,0,512,1,8,2,113,6,790,4
259,1,2,1,0,26,0,8,3,293,9,437,2
260,0,3,0,0,7,2,8,1,63,7,790,1
261,1,3,0,4,31,0,8,4,623,0,35,7
262,0,1,0,1,79,0,5,1,623,9,437,3
263,0,1,0,0,0,0,2,1,623,7,790,1
264,0,3,1,0,7,2,8,2,60,7,790,1
265,0,2,0,0,10,0,8,1,623,7,790,1
266,0,3,0,4,39,0,8,1,623,1,47,7
267,1,3,0,1,7,0,8,1,623,3,437,1
268,1,1,1,0,153,0,3,3,293,9,437,3
269,1,1,1,0,135,0,3,2,293,6,790,4
270,0,1,0,0,31,0,8,1,623,2,790,2
271,1,3,0,0,0,0,8,1,623,3,790,4
272,1,2,1,0,19,0,8,3,293,8,437,2
273,0,1,0,0,29,1,3,1,157,7,437,1
274,1,3,1,0,7,2,8,2,60,7,790,1
275,1,1,1,1,77,0,4,2,293,9,437,3
276,0,3,1,0,7,0,8,2,293,8,790,1
277,0,2,0,0,0,0,8,1,623,6,790,3
278,0,3,0,4,29,2,8,4,63,0,47,6
279,1,3,1,1,20,0,8,3,293,6,437,3
280,0,3,0,0,7,2,8,1,63,9,790,1
281,0,3,0,0,7,0,8,1,623,4,790,1
282,0,3,0,0,9,0,8,1,623,1,790,1
283,1,3,0,0,8,0,8,1,623,1,790,1
284,0,1,0,0,26,0,1,1,623,7,790,1
285,0,3,0,0,8,1,8,1,157,6,790,1
286,1,3,0,0,9,0,8,1,623,5,790,1
287,0,3,0,0,7,0,8,1,623,2,790,1
288,1,2,0,0,13,0,8,1,623,8,790,1
289,1,3,1,0,7,2,8,2,60,2,790,1
290,1,1,1,0,78,0,8,2,293,4,790,3
291,1,1,1,1,91,1,2,3,113,1,437,2
292,0,2,0,0,12,1,4,1,157,7,790,1
293,0,3,1,0,8,0,8,2,293,3,790,1
294,0,3,0,0,7,0,8,1,623,3,790,1
295,0,1,0,0,27,1,8,1,157,3,790,1
296,0,3,0,0,7,1,8,1,157,3,790,1
297,0,1,1,1,151,0,3,2,293,0,437,6
298,1,1,0,0,30,0,3,1,623,7,790,1
299,1,1,1,0,247,1,2,3,113,9,437,3
300,1,3,1,0,7,2,8,2,60,7,790,1
301,1,3,0,2,23,2,8,1,63,6,437,3
302,0,3,0,0,0,0,8,1,623,1,790,4
303,1,2,1,0,12,2,5,2,60,7,790,1
304,0,3,0,0,8,0,8,1,623,6,790,1
305,1,1,0,1,151,0,3,4,623,0,437,6
306,1,1,1,0,110,1,8,2,113,5,790,4
307,1,1,1,1,108,1,3,3,113,1,437,3
308,0,2,0,1,24,1,8,1,157,5,437,2
309,1,1,1,0,56,1,5,2,113,5,790,2
310,1,1,1,0,83,1,3,2,113,3,790,3
311,1,1,1,2,262,1,2,2,113,1,47,7
312,0,2,1,1,26,0,8,3,293,4,437,2
313,0,3,0,0,7,0,8,1,623,4,790,1
314,0,2,0,1,26,0,8,1,623,8,437,3
315,1,3,1,0,7,0,8,2,293,4,790,1
316,1,2,1,1,26,0,8,3,293,3,437,2
317,0,2,0,0,14,0,8,5,623,9,790,1
318,1,1,1,0,164,0,3,2,293,5,437,4
319,1,1,1,1,134,1,5,3,113,7,437,5
320,0,3,0,0,7,0,8,1,623,2,790,1
321,0,3,0,0,7,0,8,1,623,4,790,1
322,1,2,1,0,12,2,8,2,60,5,790,1
323,1,2,1,1,29,0,8,3,293,2,437,3
324,0,3,0,8,69,0,8,1,623,2,35,11
325,1,1,1,0,135,1,3,2,113,7,790,4
326,0,3,0,0,6,0,8,1,623,9,790,1
327,1,2,1,0,13,0,4,3,293,7,790,1
328,1,3,1,1,20,0,8,3,293,5,437,3
329,1,1,1,0,57,1,2,2,113,1,437,2
330,1,3,1,2,23,2,8,2,60,7,437,3
331,0,1,0,0,28,0,3,1,623,8,790,1
332,0,1,0,0,153,0,3,1,623,7,437,3
333,0,3,0,2,18,0,8,1,623,1,437,2
334,1,1,1,1,133,0,8,3,293,4,437,2
335,0,3,0,0,7,0,8,1,623,4,790,1
336,0,1,0,1,66,0,3,1,623,5,437,2
337,1,1,1,0,134,1,5,2,113,8,790,5
338,1,3,0,0,8,0,8,1,623,8,790,1
339,0,1,0,0,35,0,0,1,623,8,790,1
340,1,2,0,1,26,0,6,4,623,0,437,3
341,1,1,1,3,263,0,3,2,293,3,47,6
342,0,2,0,0,13,0,8,1,623,4,790,1
343,0,2,0,0,13,0,8,1,623,3,790,1
344,0,2,0,0,13,0,8,1,623,7,790,1
345,1,2,1,0,13,0,6,2,293,3,790,1
346,1,2,1,0,13,0,8,2,293,7,790,1
347,1,3,1,1,16,0,8,3,293,6,437,2
348,1,3,0,1,15,0,8,4,623,0,437,3
349,0,3,0,0,8,0,8,1,623,8,790,1
350,0,3,0,0,9,0,8,1,623,3,790,1
351,0,1,0,0,35,0,3,1,623,7,790,1
352,0,3,0,1,7,1,8,1,157,0,437,1
353,0,3,0,1,17,0,8,1,623,3,437,2
354,0,3,0,0,7,1,8,1,157,4,790,1
355,0,3,0,0,9,0,8,1,623,4,790,1
356,1,1,1,0,55,0,5,2,293,2,437,2
357,0,2,1,0,13,0,8,2,293,7,790,1
358,1,3,1,0,7,2,8,2,60,7,790,1
359,1,3,1,0,7,2,8,2,60,7,790,1
360,0,3,0,1,27,0,8,1,623,7,47,6
361,0,2,0,1,27,1,8,1,157,5,437,2
362,0,3,1,0,14,1,8,3,113,8,437,2
363,0,3,0,0,7,0,8,1,623,6,790,1
364,0,3,0,1,15,2,8,1,63,1,437,2
365,0,3,0,0,7,0,8,1,623,5,790,1
366,1,1,1,1,75,1,4,3,113,9,437,2
367,1,3,1,0,7,1,8,3,113,0,790,1
368,1,3,1,0,7,2,8,2,60,4,790,1
369,1,1,1,0,69,1,2,3,113,3,790,2
370,1,1,0,1,55,1,5,1,157,3,437,2
371,0,3,0,1,6,0,8,1,623,1,437,1
372,0,3,0,0,8,0,8,1,623,1,790,1
373,0,1,0,0,135,1,8,1,157,2,790,4
374,0,3,1,3,21,0,8,2,293,0,47,5
375,1,1,1,1,82,1,8,3,113,2,437,2
376,1,3,1,0,7,0,8,2,293,2,790,1
377,0,1,0,0,211,1,3,1,157,4,437,5
378,0,3,0,0,4,1,8,1,157,2,790,1
379,0,3,0,0,7,0,8,1,623,1,790,1
380,1,1,1,0,227,1,8,2,113,8,790,5
381,1,3,1,0,15,1,8,2,113,0,437,3
382,0,3,0,0,7,0,8,1,623,6,790,1
383,1,1,1,1,52,0,8,3,293,6,437,2
384,0,3,0,0,7,0,8,1,623,3,790,1
385,0,2,0,0,73,0,8,1,623,1,790,7
386,0,3,0,5,46,0,8,4,623,0,35,8
387,1,2,1,0,13,0,8,2,293,7,790,1
388,0,3,0,0,7,2,8,1,63,4,790,1
389,1,2,1,0,12,1,8,2,113,1,790,1
390,1,1,0,1,120,0,2,1,623,7,437,4
391,1,3,0,0,7,0,8,1,623,2,790,1
392,0,3,0,2,7,0,8,1,623,4,437,1
393,1,1,1,1,113,1,4,2,113,3,437,3
394,1,3,1,0,16,0,7,3,293,3,437,3
395,0,3,0,0,7,0,8,1,623,2,790,1
396,0,3,1,0,7,0,8,2,293,5,790,1
397,0,2,0,0,26,0,8,1,623,8,790,2
398,0,2,0,0,10,0,8,5,623,3,790,1
399,1,2,1,0,12,0,8,3,293,4,790,1
400,1,3,0,0,7,0,8,1,623,7,790,1
401,0,3,0,0,8,0,8,1,623,4,790,1
402,0,3,1,1,9,0,8,2,293,2,437,1
403,0,3,0,1,15,0,8,1,623,4,437,2
404,0,3,1,0,8,0,8,2,293,2,790,1
405,0,2,0,1,21,0,8,1,623,6,437,2
406,0,3,0,0,7,0,8,1,623,9,790,1
407,1,2,0,1,18,0,8,4,623,0,437,3
408,0,3,0,0,7,0,8,1,623,2,790,1
409,0,3,1,3,25,0,8,2,293,7,47,5
410,0,3,0,0,7,0,8,1,623,5,790,1
411,0,3,0,0,6,2,8,1,63,7,790,1
412,1,1,1,1,90,2,3,2,60,6,437,3
413,0,2,0,0,0,0,8,1,623,4,790,3
414,1,3,0,0,7,0,8,1,623,8,790,1
415,0,3,1,0,8,0,8,3,293,1,790,1
416,1,2,1,1,32,0,8,3,293,6,437,3
417,1,2,1,0,13,0,8,2,293,1,437,1
418,0,2,0,0,13,0,8,1,623,5,790,1
419,0,3,1,0,24,0,8,2,293,0,437,3
420,0,3,0,0,7,1,8,1,157,0,790,1
421,0,3,0,0,7,2,8,1,63,2,790,1
422,0,3,0,0,7,0,8,1,623,5,790,1
423,0,3,1,1,14,0,8,3,293,4,437,3
424,0,3,0,1,20,0,8,1,623,1,437,3
425,0,3,0,0,7,0,8,1,623,3,790,1
426,1,2,1,1,26,0,8,3,293,4,437,2
427,1,2,1,0,26,0,8,2,293,1,790,2
428,0,3,0,0,7,2,8,1,63,3,790,1
429,1,3,0,0,8,0,5,1,623,6,790,1
430,1,1,0,0,26,0,3,1,623,5,790,1
431,1,3,1,1,16,0,8,3,293,1,437,2
432,1,2,1,1,26,0,8,3,293,8,437,2
433,0,3,0,0,7,0,8,1,623,1,790,1
434,0,1,0,1,55,0,5,1,623,9,437,2
435,1,1,1,1,120,0,2,2,293,0,437,4
436,0,3,1,2,34,0,8,2,293,2,47,5
437,1,2,1,2,18,0,8,3,293,3,47,3
438,0,1,0,1,263,0,3,1,623,9,47,6
439,0,2,0,0,10,0,8,1,623,5,790,1
440,1,2,1,1,26,0,8,3,293,8,437,3
441,0,3,0,0,9,0,8,1,623,2,790,1
442,0,3,0,1,7,0,8,1,623,3,437,1
443,1,2,1,0,13,0,8,2,293,5,790,1
444,1,3,0,0,8,0,8,1,623,6,790,1
445,1,1,0,0,81,0,1,4,623,0,437,3
446,1,2,1,0,19,0,8,2,293,0,437,2
447,1,1,0,0,26,0,8,1,623,6,790,1
448,1,3,1,2,19,1,8,2,113,0,437,4
449,1,1,0,0,30,0,3,5,623,9,790,1
450,0,2,0,1,27,0,8,1,623,7,437,4
451,0,3,0,1,19,0,8,1,623,2,437,1
452,0,1,0,0,27,1,3,1,157,5,790,1
453,1,1,0,1,89,1,3,1,157,9,437,2
454,0,3,0,0,8,0,8,1,623,2,790,1
455,1,3,0,0,7,1,8,1,157,5,790,1
456,0,1,0,0,26,0,5,1,623,9,790,1
457,1,1,1,1,51,0,4,3,293,5,437,2
458,1,2,1,0,10,0,8,2,293,9,790,1
459,0,3,0,0,7,2,8,1,63,2,790,1
460,1,1,0,0,26,0,5,1,623,8,790,1
461,0,3,0,0,8,0,8,1,623,6,790,1
462,0,1,0,0,38,0,5,1,623,8,790,1
463,0,2,0,0,13,0,8,1,623,8,790,1
464,0,3,0,0,8,0,8,1,623,1,790,1
465,0,3,0,0,7,0,8,1,623,7,790,1
466,0,2,0,0,0,0,8,1,623,8,790,3
467,0,1,0,0,26,0,8,1,623,9,790,1
468,0,3,0,0,7,2,8,1,63,1,790,1
469,1,3,1,2,19,1,8,2,113,0,437,4
470,0,3,0,0,7,0,8,1,623,7,790,1
471,0,3,0,0,8,0,8,1,623,7,790,1
472,1,2,1,1,27,0,8,3,293,6,437,4
473,1,2,1,0,13,1,4,3,113,3,790,1
474,0,3,1,0,9,0,8,2,293,2,790,1
475,0,1,0,0,52,0,1,1,623,5,790,2
476,0,2,0,1,21,0,8,1,623,6,437,2
477,0,3,0,1,7,0,8,1,623,5,437,1
478,0,3,0,0,7,0,8,1,623,2,790,1
479,1,3,1,0,12,0,8,2,293,0,437,2
480,0,3,0,5,46,0,8,4,623,0,35,8
481,0,2,0,0,0,0,8,1,623,8,790,1
482,0,3,0,0,8,0,8,1,623,9,790,1
483,1,3,1,0,9,0,8,3,293,9,790,1
484,1,1,0,1,91,1,2,1,157,3,437,2
485,0,3,1,3,25,0,8,2,293,2,47,5
486,1,1,1,1,90,0,3,3,293,6,437,2
487,0,1,0,0,29,1,2,1,157,9,790,1
488,0,3,0,0,8,0,8,1,623,5,790,1
489,1,3,0,1,15,0,8,4,623,0,437,3
490,0,3,0,1,19,0,8,1,623,8,437,1
491,0,3,0,0,7,0,8,1,623,2,790,1
492,0,1,0,0,30,0,3,1,623,9,790,1
493,0,1,0,0,49,1,8,1,157,9,790,1
494,0,3,0,0,8,0,8,1,623,2,790,1
495,0,3,0,0,14,1,8,1,157,1,790,2
496,1,1,1,1,78,1,4,2,113,9,437,2
497,0,3,0,0,15,0,8,1,623,6,790,2
498,0,1,1,1,151,0,3,3,293,3,437,6
499,0,3,0,0,7,0,8,1,623,3,790,1
500,0,3,0,0,8,0,8,1,623,1,790,1
501,0,3,1,0,7,2,8,2,60,2,790,1
502,0,3,1,0,7,2,8,2,60,4,790,1
503,0,3,1,0,9,0,8,2,293,7,790,1
504,1,1,1,0,86,0,2,2,293,1,790,3
505,0,1,0,1,108,1,3,1,157,1,437,3
506,1,2,1,0,26,0,8,3,293,6,437,3
507,1,1,0,0,26,0,8,1,623,7,790,1
508,0,3,0,0,22,0,8,1,623,5,790,3
509,1,3,0,0,56,0,8,1,623,4,790,8
510,1,3,0,0,7,2,8,1,63,5,790,1
511,0,3,0,0,8,0,8,1,623,3,790,1
512,1,1,0,0,26,0,5,1,623,7,790,1
513,1,1,1,1,59,1,8,3,113,9,437,2
514,0,3,0,0,7,0,8,1,623,3,790,1
515,0,1,0,0,34,0,4,1,623,8,790,1
516,1,2,1,0,10,0,6,3,293,6,790,1
517,0,3,0,0,24,2,8,1,63,2,790,3
518,1,2,1,1,26,0,8,3,293,7,437,2
519,0,3,0,0,7,0,8,1,623,6,790,1
520,1,1,1,0,93,0,2,2,293,5,790,4
521,0,3,0,0,7,0,8,1,623,2,790,1
522,0,3,0,0,7,1,8,1,157,7,790,1
523,1,1,1,0,57,1,2,3,113,8,437,2
524,0,3,0,0,7,1,8,1,157,5,790,1
525,0,3,0,0,7,2,8,1,63,7,790,1
526,1,2,1,0,10,0,8,2,293,9,790,1
527,0,1,0,0,221,0,3,1,623,1,790,4
528,0,3,0,0,7,0,8,1,623,7,790,1
529,0,2,0,2,11,0,8,1,623,3,437,1
530,1,2,1,1,26,0,8,2,293,0,437,3
531,0,3,0,0,7,1,8,1,157,2,790,1
532,0,3,0,1,7,1,8,1,157,1,437,1
533,1,3,1,0,22,1,8,3,113,3,437,3
534,0,3,1,0,8,0,8,2,293,5,790,1
535,1,2,1,0,26,0,8,2,293,0,437,3
536,0,1,0,0,26,0,2,5,623,8,790,1
537,1,1,1,0,106,1,8,2,113,5,790,3
538,0,3,0,0,14,0,8,1,623,0,790,2
539,1,1,1,0,49,1,2,2,113,2,437,1
540,1,1,1,0,71,0,2,2,293,7,437,2
541,0,3,1,4,31,0,8,2,293,0,35,7
542,0,3,1,4,31,0,8,2,293,0,35,7
543,1,2,0,1,26,0,8,1,623,6,437,2
544,0,1,0,1,106,1,3,1,157,9,437,3
545,0,1,0,0,26,0,8,1,623,9,790,1
546,1,2,1,1,26,0,8,3,293,1,437,2
547,1,2,0,0,13,1,8,1,157,8,790,1
548,0,3,0,1,20,0,8,1,623,6,437,3
549,1,2,0,1,36,0,8,4,623,0,437,4
550,1,1,0,0,110,1,3,1,157,1,437,4
551,0,2,0,0,26,0,8,1,623,4,790,2
552,0,3,0,0,7,2,8,1,63,6,790,1
553,1,3,0,0,7,1,8,1,157,2,790,1
554,1,3,1,0,7,0,8,2,293,2,790,1
555,0,1,0,0,26,0,8,1,623,9,790,1
556,1,1,1,1,39,1,1,5,113,9,437,1
557,0,1,0,0,227,1,8,1,157,7,790,5
558,1,1,1,1,79,0,5,3,293,7,437,3
559,1,3,1,1,17,0,8,3,293,7,437,2
560,0,3,0,0,7,2,8,1,63,3,790,1
561,0,3,0,0,7,0,8,1,623,7,790,1
562,0,2,0,0,13,0,8,1,623,5,790,1
563,0,3,0,0,8,0,8,1,623,1,790,1
564,0,3,1,0,8,0,8,2,293,7,790,1
565,0,3,0,2,24,0,8,1,623,3,437,3
566,0,3,0,0,7,0,8,1,623,1,790,1
567,0,3,1,0,21,0,8,3,293,5,47,5
568,0,3,0,0,7,1,8,1,157,6,790,1
569,1,3,0,0,7,0,8,1,623,6,790,1
570,1,2,0,0,10,0,8,1,623,9,790,1
571,1,1,1,2,51,0,3,3,293,9,437,2
572,1,1,0,0,26,0,5,1,623,7,790,1
573,1,3,1,0,7,2,8,2,60,2,790,1
574,0,3,0,0,8,0,8,1,623,1,790,1
575,0,3,0,0,14,0,8,1,623,1,790,2
576,1,2,1,0,13,0,8,2,293,6,790,1
577,1,1,1,1,55,0,5,3,293,7,437,2
578,0,3,1,1,14,1,8,3,113,5,437,2
579,1,3,0,0,7,0,8,1,623,6,790,1
580,1,2,1,1,30,0,8,2,293,4,437,2
581,1,1,1,1,110,1,3,3,113,7,437,4
582,0,2,0,0,26,0,8,1,623,9,790,2
583,0,1,0,0,40,1,1,1,157,7,790,1
584,0,3,0,0,8,1,8,1,157,4,790,1
585,1,1,1,0,79,0,5,2,293,1,437,3
586,0,2,0,0,15,0,8,1,623,8,790,1
587,1,1,0,1,79,1,2,1,157,9,437,2
588,0,3,0,0,8,0,8,1,623,2,790,1
589,0,3,0,0,8,0,8,1,623,5,790,1
590,0,3,0,0,7,0,8,1,623,6,790,1
591,1,1,1,1,78,1,4,3,113,9,437,2
592,0,3,0,0,7,0,8,1,623,8,790,1
593,0,3,1,0,7,2,8,2,60,1,437,1
594,0,2,0,1,26,0,8,1,623,7,437,2
595,0,3,0,1,24,0,8,1,623,7,437,3
596,1,2,1,0,33,0,8,2,293,2,790,3
597,0,3,0,0,0,0,8,1,623,9,790,4
598,0,3,0,0,7,1,8,1,157,3,790,1
599,1,1,0,1,56,1,1,5,157,9,437,2
600,1,2,1,2,27,0,8,3,293,3,437,2
601,0,3,0,0,7,0,8,1,623,1,790,1
602,0,1,0,0,42,0,8,1,623,1,790,2
603,0,3,0,0,8,0,8,1,623,8,790,1
604,1,1,0,0,26,1,8,1,157,6,790,1
605,0,3,0,1,15,0,8,1,623,7,437,2
606,0,3,0,0,7,0,8,1,623,5,790,1
607,1,1,0,0,30,0,8,1,623,4,790,1
608,1,2,1,1,41,1,8,3,113,2,437,4
609,1,1,1,0,153,0,3,2,293,8,790,3
610,0,3,1,1,31,0,8,3,293,7,35,7
611,0,3,0,0,7,0,8,1,623,5,790,1
612,1,3,1,1,15,2,8,2,60,1,437,2
613,0,3,0,0,7,2,8,1,63,0,790,1
614,0,3,0,0,8,0,8,1,623,6,790,1
615,1,2,1,1,65,0,8,2,293,3,437,5
616,0,3,0,1,14,0,8,1,623,6,437,3
617,0,3,1,1,16,0,8,3,293,4,437,2
618,1,2,1,2,39,0,6,2,293,0,437,4
619,0,2,0,0,10,0,8,1,623,4,790,1
620,0,3,0,1,14,1,8,1,157,4,437,2
621,1,1,0,1,52,0,4,1,623,8,437,2
622,1,3,0,1,15,1,8,1,157,2,437,3
623,0,3,0,0,7,0,8,1,623,2,790,1
624,0,3,0,0,16,0,8,1,623,2,790,2
625,0,1,0,0,32,0,4,1,623,9,790,1
626,0,2,0,0,12,2,8,5,63,9,790,1
627,1,1,1,0,77,0,4,2,293,2,790,3
628,0,3,0,0,7,0,8,1,623,4,790,1
629,0,3,0,0,7,2,8,1,63,5,790,1
630,1,1,0,0,30,0,1,1,623,9,790,1
631,0,3,0,0,7,0,8,1,623,9,790,1
632,1,1,0,0,30,1,2,5,157,6,790,1
633,0,1,0,0,0,0,8,1,623,7,790,1
634,0,3,1,3,27,0,8,2,293,0,47,6
635,1,2,1,0,13,0,8,2,293,5,790,1
636,0,3,0,0,7,0,8,1,623,6,790,1
637,0,2,0,1,26,0,8,1,623,5,437,3
638,0,3,1,0,39,0,8,3,293,8,47,7
639,0,3,0,1,16,0,8,1,623,7,437,2
640,0,3,0,0,7,0,8,1,623,2,790,1
641,1,1,1,0,69,1,2,2,113,3,790,2
642,0,3,1,3,27,0,8,2,293,0,47,6
643,1,3,0,0,56,0,8,1,623,1,790,8
644,1,3,1,2,19,1,8,2,113,0,437,4
645,1,1,0,1,76,1,4,1,157,9,437,3
646,0,3,0,0,7,0,8,1,623,1,790,1
647,1,1,0,0,35,1,1,5,157,9,790,1
648,0,3,0,0,7,0,8,1,623,2,790,1
649,1,3,1,0,7,0,8,2,293,3,790,1
650,0,3,0,0,7,0,8,1,623,1,790,1
651,1,2,1,0,23,0,8,2,293,1,437,2
652,0,3,0,0,8,0,8,1,623,2,790,1
653,1,3,1,0,7,2,8,2,60,5,790,1
654,0,3,1,0,6,2,8,2,60,1,790,1
655,0,2,0,2,73,0,8,1,623,3,437,7
656,0,3,0,0,7,0,8,1,623,3,790,1
657,0,3,1,1,15,2,8,3,60,6,437,2
658,0,2,0,0,13,0,8,1,623,3,790,1
659,0,1,0,0,113,1,4,1,157,9,437,3
660,1,1,0,2,133,0,8,5,623,9,437,2
661,0,3,0,0,7,1,8,1,157,8,790,1
662,0,1,0,0,25,0,5,1,623,8,790,1
663,0,3,0,0,7,0,8,1,623,7,790,1
664,1,3,0,1,7,0,8,1,623,2,437,1
665,0,2,0,2,73,0,8,1,623,6,437,7
666,0,2,0,0,13,0,8,1,623,4,790,1
667,0,3,0,0,7,0,8,1,623,8,790,1
668,0,3,0,0,8,0,8,1,623,8,790,1
669,1,1,1,1,52,0,3,3,293,1,437,2
670,1,2,1,1,39,0,8,3,293,8,437,3
671,0,1,0,1,52,0,2,1,623,5,437,2
672,0,2,0,0,10,0,8,1,623,9,790,1
673,1,2,0,0,13,0,8,1,623,5,790,1
674,0,2,0,0,0,0,8,1,623,2,790,1
675,0,3,0,0,7,0,8,1,623,1,790,1
676,0,3,0,0,8,0,8,1,623,3,790,1
677,1,3,1,0,9,0,8,2,293,1,790,1
678,0,3,1,1,46,0,8,3,293,8,35,8
679,1,1,0,0,512,1,2,1,157,7,437,4
680,0,3,1,0,8,2,8,2,60,6,790,1
681,1,1,0,0,76,1,4,1,157,4,790,3
682,0,3,0,0,9,0,8,1,623,2,790,1
683,0,3,0,5,46,0,8,1,623,0,35,8
684,0,2,0,1,39,0,8,1,623,9,437,3
685,0,2,0,1,41,1,8,1,157,4,437,4
686,0,3,0,4,39,0,8,1,623,0,47,7
687,0,3,0,0,10,0,8,1,623,1,790,1
688,0,3,0,0,7,0,8,1,623,1,790,1
689,1,1,1,0,211,0,2,2,293,0,437,4
690,1,1,0,1,57,0,2,1,623,5,437,2
691,1,3,1,0,13,1,8,2,113,0,437,2
692,1,3,0,0,56,0,8,1,623,8,790,8
693,0,3,0,0,7,1,8,1,157,4,790,1
694,0,1,0,0,26,0,8,5,623,9,790,1
695,0,2,0,0,13,0,8,1,623,9,790,1
696,0,3,0,0,8,0,8,1,623,8,790,1
697,1,3,1,0,7,2,8,2,60,5,790,1
698,0,1,0,1,110,1,3,1,157,9,437,4
699,0,3,0,0,7,0,6,1,623,8,790,1
700,1,1,1,1,227,1,3,3,113,1,437,5
701,1,1,0,0,26,0,5,1,623,6,790,1
702,0,3,1,0,14,1,8,2,113,1,437,2
703,0,3,0,0,7,2,8,1,63,4,790,1
704,0,3,0,1,7,0,8,1,623,4,437,1
705,0,2,0,0,26,0,8,1,623,7,790,2
706,1,2,1,0,13,0,8,3,293,8,790,1
707,1,1,0,0,26,0,5,1,623,8,790,1
708,1,1,1,0,151,0,8,2,293,2,790,6
709,1,3,0,1,15,1,8,4,157,4,437,3
710,1,1,1,0,49,1,3,2,113,3,790,1
711,0,1,0,0,26,0,3,1,623,2,790,1
712,1,1,0,1,52,0,3,1,623,9,437,2
713,0,3,0,0,9,0,8,1,623,5,790,1
714,0,2,0,0,13,0,8,1,623,9,790,2
715,0,3,0,0,7,0,6,1,623,1,790,1
716,1,1,1,0,227,1,3,2,113,7,790,5
717,1,2,1,0,10,0,5,2,293,4,790,1
718,0,3,0,0,15,2,8,1,63,2,790,2
719,0,3,0,0,7,0,8,1,623,6,790,1
720,1,2,1,0,33,0,8,2,293,0,437,3
721,0,3,0,1,7,0,8,1,623,1,437,1
722,0,2,0,0,13,0,8,1,623,6,790,1
723,0,2,0,0,13,0,8,1,623,9,790,1
724,1,1,0,1,53,0,5,1,623,4,437,2
725,0,3,0,0,8,0,8,1,623,2,790,1
726,1,2,1,3,21,0,8,3,293,5,437,2
727,1,3,1,0,7,2,8,2,60,7,790,1
728,0,2,0,1,26,0,8,1,623,4,437,2
729,0,3,1,1,7,0,8,2,293,4,437,1
730,1,1,1,0,211,0,2,2,293,5,790,4
731,0,3,0,0,18,1,8,1,157,0,790,2
732,0,2,0,0,0,0,8,1,623,1,790,1
733,0,2,0,0,13,0,8,1,623,3,790,1
734,0,2,0,0,13,0,8,1,623,3,790,1
735,0,3,0,0,16,0,8,1,623,5,790,2
736,0,3,1,1,34,0,8,3,293,9,47,5
737,1,1,0,0,512,1,2,1,157,6,790,4
738,0,3,0,0,7,0,8,1,623,3,790,1
739,0,3,0,0,7,0,8,1,623,7,790,1
740,1,1,0,0,30,0,4,1,623,7,790,1
741,0,1,0,1,78,0,3,1,623,7,437,3
742,1,1,1,2,262,1,2,2,113,2,47,7
743,0,3,0,1,16,0,8,1,623,3,437,2
744,1,3,0,0,7,0,8,1,623,5,790,1
745,0,1,0,1,71,0,2,5,623,9,437,2
746,0,3,0,1,20,0,8,1,623,1,437,3
747,1,2,1,0,13,0,8,2,293,5,790,1
748,0,1,0,1,53,0,4,1,623,1,437,2
749,0,3,0,0,7,2,8,1,63,6,790,1
750,1,2,1,1,23,0,8,2,293,0,437,3
751,1,3,0,0,12,0,5,4,623,0,437,2
752,0,3,0,0,9,0,8,1,623,6,790,1
753,0,3,0,0,7,0,8,1,623,3,790,1
754,1,2,1,1,65,0,8,3,293,9,437,5
755,1,2,0,1,14,0,8,4,623,0,437,2
756,0,3,0,0,7,0,8,1,623,5,790,1
757,0,2,0,0,11,0,8,1,623,1,790,1
758,0,3,0,0,8,0,8,1,623,6,790,1
759,1,1,1,0,86,0,2,5,293,6,790,3
760,0,3,0,0,14,0,8,1,623,7,790,2
761,0,3,0,0,7,0,8,1,623,8,790,1
762,1,3,0,0,7,1,8,1,157,2,790,1
763,1,1,1,1,120,0,2,3,293,7,437,4
764,0,3,0,0,7,0,8,1,623,1,790,1
765,1,1,1,1,77,0,4,3,293,9,437,3
766,0,1,0,0,39,1,8,5,157,8,790,1
767,0,3,1,0,7,2,8,2,60,5,790,1
768,0,3,0,1,24,2,8,1,63,6,437,3
769,0,3,0,0,8,0,8,1,623,6,790,1
770,0,3,0,0,9,0,8,1,623,3,790,1
771,0,3,0,0,7,0,8,1,623,9,790,1
772,0,2,1,0,10,0,5,3,293,9,790,2
773,0,3,0,0,7,1,8,1,157,1,790,1
774,1,2,1,1,23,0,8,3,293,9,47,2
775,0,3,0,0,7,0,8,1,623,1,790,1
776,0,3,0,0,7,2,6,1,63,3,790,1
777,1,3,1,0,12,0,8,2,293,0,790,2
778,0,3,0,0,7,2,8,1,63,7,790,1
779,1,1,1,0,211,0,2,3,293,8,437,4
780,1,3,1,0,7,1,8,2,113,0,790,1
781,1,1,1,1,57,0,2,3,293,1,437,2
782,0,1,0,0,30,0,4,1,623,5,790,1
783,0,3,0,1,23,0,8,1,623,2,437,4
784,0,3,0,0,7,0,8,1,623,4,790,1
785,0,3,0,0,7,0,8,1,623,4,790,1
786,1,3,1,0,7,0,8,2,293,1,790,1
787,0,3,0,4,29,2,8,4,63,0,47,6
788,1,3,0,1,20,0,8,4,623,0,437,4
789,0,1,0,0,79,1,2,1,157,8,790,2
790,0,3,0,0,7,2,8,1,63,1,790,1
791,0,2,0,0,26,0,8,1,623,1,790,2
792,0,3,1,8,69,0,8,2,293,5,35,11
793,0,1,0,0,30,1,8,1,157,5,790,1
794,0,3,0,0,7,0,8,1,623,4,790,1
795,0,2,0,0,13,0,8,1,623,7,790,1
796,1,1,1,0,25,0,4,5,293,9,790,1
797,1,3,1,0,8,0,8,3,293,6,790,1
798,0,3,0,0,7,1,8,1,157,5,790,1
799,0,3,1,1,24,0,8,3,293,5,437,3
800,0,2,0,0,13,0,8,1,623,6,790,2
801,1,2,1,1,26,0,8,3,293,6,437,3
802,1,1,0,1,120,0,2,4,623,0,437,4
803,1,3,0,0,8,1,8,4,157,0,437,2
804,1,3,0,0,6,0,8,1,623,4,790,1
805,0,3,0,0,7,0,8,1,623,6,790,1
806,0,1,0,0,0,0,1,1,623,7,790,1
807,0,3,1,0,7,0,8,2,293,1,790,1
808,0,2,0,0,13,0,8,1,623,7,790,1
809,1,1,1,1,53,0,5,3,293,6,437,2
810,0,3,0,0,7,0,8,1,623,4,790,1
811,0,3,0,0,24,0,8,1,623,7,790,3
812,0,2,0,0,10,0,8,1,623,6,790,1
813,0,3,1,4,31,0,8,2,293,0,35,7
814,0,3,0,0,8,0,8,1,623,5,790,1
815,0,1,0,0,0,0,2,1,623,5,790,2
816,0,3,1,0,7,0,8,2,293,3,790,1
817,0,2,0,1,37,1,8,1,157,6,437,3
818,0,3,0,0,6,0,8,1,623,8,790,1
819,0,3,0,3,27,0,8,4,623,0,47,6
820,1,1,1,1,93,0,2,3,293,9,437,4
821,1,3,0,0,8,0,8,1,623,4,790,1
822,0,1,0,0,0,0,8,5,623,7,790,1
823,1,3,1,0,12,0,5,3,293,4,437,2
824,0,3,0,4,39,0,8,4,623,0,47,7
825,0,3,0,0,6,2,8,1,63,2,790,1
826,0,3,0,0,56,0,8,1,623,5,790,8
827,1,2,0,0,37,1,8,4,157,0,437,3
828,1,3,0,0,7,2,8,1,63,2,790,1
829,1,1,1,0,80,0,2,3,293,9,790,2
830,1,3,1,1,14,1,8,3,113,0,437,2
831,1,2,0,1,18,0,8,4,623,0,437,3
832,0,3,0,0,7,1,8,1,157,0,790,1
833,0,3,0,0,7,0,8,1,623,3,790,1
834,0,3,0,0,8,0,8,1,623,1,790,1
835,1,1,1,1,83,1,5,2,113,7,437,3
836,0,3,0,0,8,0,8,1,623,2,790,1
837,0,3,0,0,8,0,8,1,623,5,790,1
838,1,3,0,0,56,0,8,1,623,6,790,8
839,1,1,0,0,29,1,3,1,157,7,790,1
840,0,3,0,0,7,0,8,1,623,2,790,1
841,0,2,0,0,10,0,8,1,623,1,790,2
842,1,1,1,0,31,1,8,2,113,5,790,2
843,0,3,0,0,6,1,8,1,157,6,790,1
844,0,3,0,0,8,0,8,1,623,1,790,1
845,0,3,0,0,7,0,8,1,623,8,790,1
846,0,3,0,8,69,0,8,1,623,8,35,11
847,0,3,0,0,7,1,8,1,157,6,790,1
848,0,2,0,0,33,0,8,5,623,5,437,3
849,1,1,1,1,89,1,3,3,113,4,437,2
850,0,3,0,4,31,0,8,4,623,0,35,7
851,0,3,0,0,7,0,8,1,623,9,790,1
852,0,3,1,1,15,1,8,2,113,0,437,3
853,1,1,1,0,39,0,4,2,293,1,437,2
854,0,2,1,1,26,0,8,3,293,8,437,2
855,1,3,1,0,9,0,8,3,293,1,437,2
856,1,1,1,1,164,0,8,3,293,8,437,4
857,1,1,0,0,26,0,5,1,623,9,790,1
858,1,3,1,0,19,1,8,3,113,3,437,4
859,0,3,0,0,7,1,8,1,157,6,790,1
860,0,3,0,2,14,0,8,1,623,8,437,2
861,0,2,0,1,11,0,8,1,623,2,437,1
862,1,1,1,0,25,0,4,3,293,9,790,1
863,0,3,1,8,69,0,8,2,293,6,35,11
864,0,2,0,0,13,0,8,1,623,3,790,1
865,1,2,1,0,13,0,8,3,293,8,790,1
866,1,2,1,1,13,1,8,2,113,4,437,1
867,0,1,0,0,50,0,1,1,623,6,790,1
868,0,3,0,0,9,0,8,1,623,4,790,1
869,1,3,0,1,11,0,8,4,623,0,437,3
870,0,3,0,0,7,0,8,1,623,4,790,1
871,1,1,1,1,52,0,4,3,293,8,437,2
872,0,1,0,0,5,0,2,1,623,6,790,1
873,0,3,0,0,9,0,8,1,623,8,790,1
874,1,2,1,1,24,1,8,3,113,5,437,2
875,1,3,1,0,7,1,8,2,113,0,790,1
876,0,3,0,0,9,0,8,1,623,2,790,2
877,0,3,0,0,7,0,8,1,623,1,790,1
878,0,3,0,0,7,0,8,1,623,4,790,1
879,1,1,1,0,83,1,3,3,113,9,437,3
880,1,2,1,0,26,0,8,3,293,4,437,2
881,0,3,0,0,7,0,8,1,623,6,790,1
882,0,3,1,0,10,0,8,2,293,2,790,1
883,0,2,0,0,10,0,8,1,623,5,790,1
884,0,3,0,0,7,0,8,1,623,4,790,1
885,0,3,1,0,29,2,8,3,60,7,47,6
886,0,2,0,0,13,0,8,5,623,4,790,1
887,1,1,1,0,30,0,2,2,293,2,790,1
888,0,3,1,1,23,0,8,2,293,1,437,4
889,1,1,0,0,30,1,3,1,157,4,790,1
890,0,3,0,0,7,2,8,1,63,6,790,1
